{
  "snapper": {
    "name": "Snapper",
    "habitats": [
      "reef",
      "rocky",
      "dropoff"
    ],
    "depth": [
      5,
      60
    ],
    "tidePrefs": [
      "rising",
      "falling"
    ],
    "timeOfDay": [
      "dawn",
      "dusk",
      "night"
    ],
    "seasonMonths": [
      3,
      4,
      5,
      6,
      7,
      8,
      9
    ],
    "structureBonus": [
      "reef_edge",
      "wreck"
    ],
    "currentKnots": [
      0.3,
      1.5
    ]
  },
  "flathead": {
    "name": "Flathead",
    "habitats": [
      "sand",
      "channel",
      "estuary"
    ],
    "depth": [
      1,
      20
    ],
    "tidePrefs": [
      "falling",
      "slack"
    ],
    "timeOfDay": [
      "day",
      "dawn",
      "dusk"
    ],
    "seasonMonths": [
      10,
      11,
      12,
      1,
      2,
      3
    ],
    "structureBonus": [
      "channel_edge",
      "dropoff"
    ],
    "currentKnots": [
      0.1,
      1.0
    ]
  },
  "mackerel": {
    "name": "School Mackerel",
    "habitats": [
      "current_lines",
      "bait_balls",
      "reef"
    ],
    "depth": [
      5,
      80
    ],
    "tidePrefs": [
      "rising"
    ],
    "timeOfDay": [
      "day",
      "dawn"
    ],
    "seasonMonths": [
      12,
      1,
      2,
      3,
      4
    ],
    "structureBonus": [
      "wreck",
      "reef_edge"
    ],
    "currentKnots": [
      0.5,
      2.5
    ]
  }
}